Day,Site,Rep,Date,Tide,315,345,375,405,435,465,495,525,555,585,615,645,675,705,735,765,795,825,855,885,915,945,975,1005,1035,1065,1095,1125,1155,1185,1215,1245,1275,1305,1335,1365,1395,1425,1455,1485,1515,1545,1575,1605,1635,1665,1695,1725,1755,1785,1815,1845,1875,1905,1935,1965,1995,2025,2055,2085,2115,2145,2175,2205,2235,2265,2295,2325,2355,2385,2415,2445,2475,2505,2535,2565,2595,2625,2655,2685,2715,2745,2775,2805,2835,2865,2895,2925,2955,2985
1,1,1,25/11/2013,Incoming,14.18991125,13.70258586,9.54871226,6.395082702,4.445215563,4.235522457,3.266619495,3.65744115,3.376472986,2.65452653,2.891453579,2.446084575,2.845996156,2.468231338,2.961447883,3.091737349,1.943156424,1.628656497,1.726540702,1.818996504,1.481288751,2.214610859,0.384045499,0.981395769,0.765666603,0.66735548,0.544016676,0.196654966,0.425621708,0.689485104,0,0,0.286271919,0,0.328617826,0.351274086,0,0.399662286,0,0,0.480270333,0.509370874,0,0,0,0,0,0,0,0,0,0,0,0,0,0,0,0,0,0,0,0,0,0,0,0,0,0,0,0,0,0,0,0,0,0,0,0,0,0,0,0,0,0,0,0,0,0,0,0
1,1,2,25/11/2013,Incoming,12.48994118,11.4308929,9.255894541,6.718379731,5.863772852,5.228093452,4.727832959,4.388274403,3.912722232,3.45091865,2.562100626,1.804084937,2.023714563,1.654098545,2.129968901,1.440942809,1.36563636,1.124527134,1.117605153,0.941962459,0.876664476,0.422516264,0.795508998,0.508213495,1.110194794,0.259190732,0.375622906,0.407350228,0.220407414,0.119016304,0.128285624,0.414075706,0.296490006,0.476873423,0.170174338,0.363813032,0.38833143,0.206963856,0,0.46844602,0.497414086,0,0,0,0,0.330136308,0,0,0,0,0,0,0,0.494464084,0,0,0,0,0.620705755,0,0,0,0,0,0.798514087,0,0,0,0.934163206,0,1.007398569,1.045409855,0,0,0,0,0,1.293713205,1.338577409,0,0,0,0,0,0,0,0,0,0,0
1,1,3,25/11/2013,Incoming,12.52596198,10.69670605,8.073030311,5.689551422,5.089474386,4.501393524,4.624568115,3.578846279,4.012769542,3.46143276,3.675494731,2.795966171,2.218519591,2.407298805,2.000442175,1.742908811,1.438310594,1.800243648,1.359763623,1.031773745,0.526291039,0.676401843,0.424507282,0.581138482,0.761699326,0.414936427,0.601331079,0.16303058,0.176423757,0.190531112,0.410742908,0.883851873,0.237323838,0.508947627,0.272430139,0.291211938,0,0,0.352695775,0,0,0.42227634,0.447355942,0,0.500454622,0,0.557596963,0,0.618931569,0.651217528,0,0,0,0,0,0,0,0,0,0,1.08328418,1.130038658,0,0,0,0,0,0,0,0,1.612734153,0,0,0,0,0,0,0,0,0,0,0,0,0,0,0,2.778158763,0,0,0
1,2,1,25/11/2013,Incoming,10.79452385,9.419801538,6.698136199,4.3585353,3.732060234,3.252333067,3.459044303,3.37012901,3.511468891,3.173217159,3.19779328,3.009035816,3.266348022,2.739177856,2.782852893,3.427343153,3.358983975,2.633698215,2.426139064,1.756356085,1.486793236,1.728876154,1.549032035,1.313392142,0.777050938,0.325614198,1.132523605,0.921135776,0.581472029,0.53825872,0.483485951,0.416152602,0.335225078,0.599081974,0.256541952,0.959800278,0.439064664,0.624006864,0.166063559,0,0,0.198824425,0,0,0.471268491,0,0.26253878,0.830182239,0,0.613238837,0,0.33858991,0,0,0,0,0,0,0,0.488656044,0.51005372,0,0.554705872,0,0,0,0,0,0,0.731392019,0,0,0,0,0,0,0,0,0,0,0,0,0,0,0,0,0,0,0,0
1,2,2,25/11/2013,Incoming,5.910243435,5.490928787,4.991051003,3.963534017,3.48236956,3.583452713,3.258060098,3.39998468,3.29466222,2.761613815,2.855534175,2.674269628,2.598186635,2.659587385,2.358596184,2.334320205,2.188741264,2.223628263,1.402575846,1.555456396,1.769621459,1.448164178,1.6516831,1.20592369,0.658586074,0.876981664,0.866545418,1.221659174,0.508469708,1.208083274,0.473519573,1.528404526,0.957585775,0.58673319,0.314067449,0.167860075,0.537518095,0.381964929,0.203300245,0.86454681,0.459004578,0.730223628,0.515727832,0.81864447,0.288471051,0.304643469,0.964227175,0.338779108,1.070290542,0,1.18385956,0,0.43506393,0.456282624,0,0,0,0,0,0,0.62442493,1.302749558,0,0,0,0,0,0,0.862028898,0,3.718437359,0,0,0,0,0,1.153350265,0,1.235215423,0,0,1.36513665,0,0,0,0,0,0,0,1.755424235
1,2,3,25/11/2013,Incoming,6.206296414,5.758990615,4.993990451,3.971853635,3.936085223,3.590796549,3.917900551,3.890403256,3.647205873,3.641892907,3.266896042,3.032889012,2.694469551,2.530939398,2.708649754,2.215678424,2.453098212,1.765023206,1.504844216,1.947017048,1.588238099,1.410997183,0.929813157,1.154085027,0.815651134,1.050226223,0.790270126,0.571346499,0.92742587,1.11287336,0.719731913,0.774372519,0.41585535,0.743177034,0.159123594,0.510281666,0.726228299,0.193524177,0.824023676,0.438026049,0.465113236,0.246647023,0.261295864,0.553026328,0,0.308697639,0,0.343287442,0,1.901845813,0.799743105,0,0,0,1.453633204,0,1.062060831,0.555348671,0,1.212380127,0,0,0,0,0.746660749,0,0.808423127,0,0,0,0,0,0,0,1.089493183,0,0,1.209702598,0,0,0,0,0,0,0,0,0,1.673664083,0,1.778785685
1,3,2,25/11/2013,Incoming,3.762628365,3.657778743,2.98390207,2.590157906,2.316376825,2.405212337,2.458208479,2.297715961,2.366775787,2.37951137,2.554375437,2.254264302,2.577876799,2.646686798,2.460643747,2.597322312,2.451274851,2.295157122,2.024965449,1.867053261,1.731551302,1.510114564,1.117338207,1.49136383,1.044195668,1.023887359,1.013951163,0.858219531,1.131882658,0.940301643,0.912186165,0.945087926,0.663697732,0.837244527,0.627426353,0.958117538,0.664747593,0.708563614,0.580202861,0.863571406,0.720479137,0.555733204,0.883108009,1.012416788,0.905600782,0.34777103,0.458638001,0.386739227,0.814539535,0.535642975,0.900970794,0.709792238,0.372491004,0.651097198,0.272937822,0.857491295,0.448684222,0.782052444,0.490396857,0,0.712823379,0.185897258,0,0,0.420584618,1.094373131,0.455374615,0.236733601,0.984064426,0.51107661,0.795909197,0.550627004,0.285572545,1.184333477,0.306848905,0,0.658313865,1.022115611,1.057561559,0.364605932,0.376964454,1.168797043,0.402512789,0.831417906,0,1.328880752,0.457021327,0.471377003,1.458090869,0
1,3,3,25/11/2013,Incoming,3.175792238,3.039190681,2.707981622,2.330837089,2.146030397,2.431496894,2.342066711,2.335867081,2.488864129,2.585400632,2.890545913,2.827806056,2.791399216,2.369270772,2.515473515,2.89077657,2.907698378,2.599559593,2.170188951,1.942280925,2.099907461,1.439387858,2.427765289,1.483999783,1.14813859,1.103734256,1.359614219,0.433662533,0.657004397,1.216355913,0.983321858,0.470210702,1.641339047,0.541521759,0.579733173,1.084476945,1.322930172,0.705064848,1.313443475,0.997409944,0.847270941,0.673955142,0.713982032,0.503708753,1.064970525,0.843506206,0.889927736,1.25069565,0.658545602,1.385795003,1.092635898,0.382572093,1.606157622,0.842246821,0,0.462180917,0.967348677,0.505824084,1.585919392,0,0.576308971,0.601182561,0.626761121,0,0,1.415660002,0,0.76558453,0,0.826398614,0,0,0,0,0.992335079,0,0,1.101824,1.140034575,1.17911787,0,0,0,0,0,0,0,0,0,0
2,1,2,2/12/2013,Outgoing,3.152877628,3.396462546,3.480984929,3.841206301,4.170942089,4.754179735,4.924669231,5.133339057,5.163743367,5.114675781,4.968575303,4.595483618,4.225176424,3.346679207,2.802231301,2.738283069,1.678457865,1.717219778,1.382123563,1.402325789,1.657951485,1.1117423,1.00298022,0.955165889,1.147610349,0.795660074,1.173671658,1.205815207,0.579944856,0.39144943,1.265816609,0.363177223,0.58510334,0.313691977,0.335827119,0.478639491,0.638621097,0.680714922,0.289847626,0.616296961,0.327203933,0.347029273,0,0.389050365,0.411276423,0.651500226,0.687355051,0.483000951,0.508641845,0.267587131,0.562613903,0.590975923,0.620275198,0.325263853,0,0.356975416,1.120729148,1.172052262,0,0,0,0,0.484092762,0,0,0.546707843,0.568720387,0,0,0,0,0,0,0,0,0,0.822172103,0,0,0,0,0,0,0,0,0,0,1.177411587,0,0
2,1,3,2/12/2013,Outgoing,6.573935043,5.716799205,4.811557125,4.709505628,4.38984701,4.73048063,4.87511658,5.103473304,5.492277661,5.174127918,4.832583123,4.329608279,4.083995492,3.327208794,2.863151956,2.365249689,2.116481165,1.76390629,1.918791636,0.940252163,1.586069857,1.144748125,0.926409066,0.869641796,1.029023767,0.776162084,0.749882774,0.711568466,0.330010755,0.712799113,0.256105913,0.413323564,0.147976171,0.317338311,0.169865348,0.181576372,0,0.413176576,0.219912428,0.233797521,0.248255567,0.263297063,0,0,0.624086004,0,0,0.732922937,0,0.81209309,0,0.448383893,0,0,0,0.541687369,0,1.185675965,0,0,0,0,0.734579549,0,0,0,0,0,0,0,0,0,0,0,0,0,0,0,0,0,0,0,1.525632392,1.575649475,0,0,0,0,0,0
2,2,1,2/12/2013,Outgoing,10.85865128,9.047258903,7.092646278,5.478650539,4.638463732,4.578356839,4.525883396,4.48405831,4.077145829,4.200857996,3.673219882,3.61340977,3.176752257,2.918278941,2.963328326,2.033771933,2.228199059,1.943481929,1.419666215,1.349494313,0.870003907,1.004053463,1.052620522,0.439163977,0.719516785,0.58793624,0.284014617,0.385005183,0.333306888,0.35995984,0.096999064,0.208725942,0.112090619,0.6009526,0.128671753,0.275085092,0.587247913,0.312977692,0.166581944,0.35419957,0.56415406,0,0.422581141,0.223595622,0,0,0,0.277591555,0.584655763,0.615153246,0,0,1.069458147,0,0,0.410323473,0.429405395,0.44906953,0,0,0,0,0,0.579781863,0,0,0,0,0,0,0,0,0,0,0,0,0,0,0,0,0,0,0,1.193540864,0,0,0,0,0,0
2,2,2,2/12/2013,Outgoing,7.002827757,6.273943892,5.113236215,3.889737468,3.22348711,3.170797359,3.048538367,3.473625005,3.685354578,2.845832855,2.583879219,3.15757738,3.213653995,2.803826269,2.990314154,2.697299373,2.128524684,2.537277128,2.000516372,1.761807473,1.225961965,1.271101535,1.134284515,0.668899787,0.730607178,0.454855668,0.494387182,0.804217737,0.435143009,0.939877485,0.337694011,0.181665668,0.585351401,0.209216468,0.223979477,0.478842779,0,0.272401692,0,0,0,0.347176438,0.735591404,1.556861505,0.822902039,0,0,1.932823069,0.508857292,1.070802934,0,0.591226672,0,0,0.682036785,0.714253722,2.242408636,0,0.816959099,0,0.890626953,0,0.96859593,0,0,0,1.137923281,0,0,1.277115107,0,0,0,0,0,0,0,0,0,1.822206944,1.883971631,1.947116353,0,0,0,0,0,0,0,0
2,2,3,2/12/2013,Outgoing,8.640764047,8.4707847,6.800217835,5.76955034,5.081033781,4.598100224,4.761121306,4.274428494,4.563326195,4.027681306,3.675233164,3.291719412,3.621814318,3.507528343,2.61078111,2.064979995,1.972400011,1.5980614,1.901488286,1.49653268,1.428402269,0.993825954,0.818634591,0.796932791,0.217612828,0.355634573,0.644237739,0.838383128,0.45362887,0.489902828,0.17601994,0.378766598,0.203405956,0.436209362,0.233494673,0.249592441,0,0.567947338,0.302289099,0.321375718,0.6824985,0.361925679,0,0,0.857860715,0.452977433,0,0.503733408,0,0,0,0,0,0.678450999,0,1.489193931,0,0,0.851665516,0,0,0,0,0,0,0,0,0,0,0,0,0,1.487850179,0,0,0,0,0,0,0,0,0,0,0,0,0,0,0,0,0
2,3,2,2/12/2013,Outgoing,6.972263434,6.708045976,5.548353497,5.19907879,4.740431075,5.428504532,4.60068925,4.500629609,4.212653177,4.452973428,3.864233201,3.541446327,3.264183765,2.878212373,3.004978486,2.024630711,1.808554074,1.813825096,1.615183419,1.407401303,1.060522816,1.012521328,0.940961882,0.562101495,1.227913409,0.557422506,1.211735762,1.051266723,0.711019557,0.307150042,0.331073684,0.890519566,0.765166622,0.820459203,0.219588081,0.234727054,0.501092904,0.267060869,0.284285451,0.604470132,0,0.680739408,1.081753946,0.76316858,0.403384323,0.425998883,0.449442841,0.473732166,0.498880628,0.524904197,0.551817193,0.579635035,0,0,0.668664687,0,0,0,0.800941939,0,0,0,0.949605564,0,0,0,0,0,0,0,0,0,0,0,0,0,0,0,0,0,0,0,0,0,0,0,0,0,0,0
2,3,3,2/12/2013,Outgoing,10.06440347,8.650326169,6.746582264,5.286254246,4.679598368,4.427406541,4.072357978,3.800378601,3.562273448,3.652229212,2.633845377,2.806294987,2.515053372,2.342010077,2.24800358,2.217824878,1.738427685,0.750607781,1.032096121,1.199099173,1.084272016,1.128097966,1.093219814,0.798179282,0.958994503,0.949841584,0.619435111,0.783714884,0.726942101,0.39253576,0.282072853,0.3034872,0,0.34951362,0.748352279,0.399972664,0,0.682603347,0.242209249,0,0,0,0,0.325108335,0.343680999,0,0.76584597,0.403617322,0,0.447215637,0.470145881,0,0,0.543610214,0,0,0.624354691,0.652946621,0,0,0.743932995,0.77604034,0,0.843001655,0.877879807,0,0,0,1.027011444,0,1.107525784,0,0,0,1.280962646,1.326980727,0,0,1.471621372,0,0,0,0,0,0,0,0,0,0,0
3,1,1,9/12/2013,Incoming,3.970755714,4.250495698,3.919790962,3.203881196,2.998265319,3.117902902,3.605212656,3.962998549,3.955998333,3.798282812,4.077824993,4.160570681,3.845980693,4.327303389,3.758884888,4.046346214,4.87406631,3.543786906,3.50632029,2.970388275,2.626253933,2.202727994,1.62486399,1.542245239,1.166206918,0.564703847,0.920673687,0.887499561,0.780332939,0.90755714,0.419247466,0.451076684,0.242238324,0.432904468,0.463451858,0.495403341,0.211515715,0.789102483,0.479998036,0.127576198,0.406396474,0.574693698,0.304412456,0.322140783,0.170272144,0.179818106,0.189714507,0.399933597,0.631747525,0,0.232927546,0.489339186,0,0,0,0,0.309327949,0,0,0,0.368571631,0,0,0.417654136,0,0,0,0,0,0,0,0.56941297,0.590630891,0.612369799,0,0,0,0,0,0,0,0,0,0,0,0,0,0,0,0
3,1,2,9/12/2013,Incoming,4.985380014,5.292039777,4.346652437,3.388545338,3.035492074,3.01155298,3.202642513,3.584682078,4.283107664,3.494212576,3.562166837,3.610747251,3.809377701,3.511618726,4.113389569,3.554049036,3.309842163,3.351102448,2.428105008,2.302511688,3.019126936,1.900532929,1.774241579,0.914403973,0.873914614,0.952131634,0.813121051,0.480981914,0.693994595,1.311605087,0.504915764,0.651897304,0.70016725,0.625635991,0.535826234,0.286383355,0.458525934,0.325832751,0.52027188,0.184374084,0.195775401,0.207637176,0.219969373,0.931118912,0.246078074,0.259873982,0,0.288992967,0,0.640419944,0.336627816,0.70719474,0,0,0,0.427177033,0.894085085,0,0,0,0,0,0.579292312,0,0.628568657,0,0.680562648,0,0.735347707,0,0,0,0,0,0,0.950128275,0,0,0,0,0,0,0,0,0,0,1.366047162,0,0,0
3,1,3,9/12/2013,Incoming,4.797610021,4.844789824,4.410930852,3.528866519,3.140528235,3.295141199,3.1324911,3.708937563,4.231260858,4.250085705,3.549933827,4.515209616,4.152032663,3.907892065,4.156388361,4.160813284,4.079902899,3.40583721,3.424181168,2.373385005,2.847850544,3.219810887,1.360114392,0.794435336,0.867723482,0,0.642218514,0.975047727,0.452207083,0.325578024,0.17546844,0.566369008,0.405537245,0.217421221,0.465526159,0.746430821,0.53115699,0.566167329,1.20536713,0.640736617,0.340179626,0,0,0,0.427586176,0.451557282,0.476408481,0.502155002,0,1.112794476,0,0.614411828,0,0.676324763,0,0,0,0,0,0,0,0,0,0,0,0,0,0,0,1.327197445,0,0,0,0,0,0,0,0,0,0,0,0,0,0,0,0,0,0,0,0
3,2,1,9/12/2013,Incoming,6.582216074,6.265128907,5.6018066,4.468109163,3.779365945,3.975493405,4.274386672,4.04236622,4.640997128,3.929265024,4.215402271,3.844166984,3.634865589,3.614289502,3.668975857,3.62373068,2.519373442,2.855704635,1.969899879,1.042658881,1.536435831,0.846285087,1.128641164,0.799804675,0.238251445,0.43262537,0.75235957,0.713918505,0.662201696,0.595961806,0.642380278,0.552918692,1.039254333,0.636772954,0.340852793,0.546528223,0.583360279,0.207270912,0.220639209,0.234569948,0.498151174,0,0.279856419,0.296154393,0,0.330624909,0,1.103015923,0.387190102,0.814774862,0,0,0,0,0,0,0.568750339,0,0,0.649249178,0,0.706927862,0.737005642,0,0,0,0,0,0.935547326,0,0,0,0,0,0,0,0,0,0,0,1.433516241,0,0,0,0,0,0,0,0,0
3,2,2,9/12/2013,Incoming,6.073469668,6.393186439,5.665504863,4.498828572,4.236242754,3.992830468,4.351865795,4.450318148,4.638065643,4.260260082,4.347696266,4.36250072,4.171952184,3.483335001,3.18654749,2.619325573,3.251906173,2.413051505,2.200564103,2.117427681,1.546872241,1.354515158,0.911788872,0.840900574,1.033284963,0.562883296,0.883715443,0.442318785,0.717984532,0.516931303,0.278597021,0.399663556,0.536571151,0.690414177,0.123189109,0.395044516,1.124447466,0.299641065,0.318966886,0,0.540114726,0.381893169,0,0,0,0,0,0,0.279870985,0,0,0.650347836,0,0,0,0.392838971,0,0,0.89865328,0.469293644,0,0,0,0,0,0.601632611,0,0,0,0,0,0.756768506,0,0,0,0,0,0,0,0,0,0,0,0,0,0,0,0,1.335977032,0
3,2,3,9/12/2013,Incoming,8.721744244,9.512384893,8.365420968,5.869245191,4.824031796,4.563702275,4.551847265,4.549684124,4.716340501,4.13471485,4.051137195,3.74283649,3.235095796,2.70029014,2.922190333,2.415046368,2.168366187,1.817415956,1.950726803,1.575778133,1.239726228,1.105573331,1.749940031,0.938690694,0.81168528,0.930876034,0.55647851,0.658342583,0.237475641,0.320581714,0.345550665,0.446141718,0.319450416,0.256900817,0.458381286,0.293989991,0.313803042,0.222990881,0,0.126180768,0.401950643,0.14210182,0.150541387,0,0.168409268,0,0.18763885,0,0,0.438286447,0.230378713,0,0.253990107,0,0,0,0.305943627,0,0,0,0,0,0,0,0,0,0,0,0,0,0,0,0,0,0,0,0,0,0,0,0,0,0,0,0,0,0,0,0,0
3,3,1,9/12/2013,Incoming,6.202120752,6.956258775,6.101535145,5.014861492,4.633321448,4.48135522,4.697726041,4.73600561,4.976607616,4.889622006,4.495152474,4.391201885,3.249867168,3.515429714,3.493791886,2.926864547,2.169261257,2.054816234,2.030236948,2.166030543,1.448913123,1.318560687,1.219509213,1.252104782,1.185265136,0.69534118,0.701789347,0.761066072,0.696882773,0.478932234,0.516235462,0.555427555,0.085221896,0.36552157,0.39131341,0.104573028,0.334861281,0.237955605,0.886560005,0.403944525,0.428924128,0.454912397,0.963860103,0.169998718,0.179710752,0.189785806,0,0,0.222255395,0,0,0,0,0.568507057,0,0,0,0,0,0,0,0,0,0,0,0,0,0,0,0,0,0,0,0,0,0,0,0,0,0,0,0,0,0,0,0,0,0,0,0
3,3,2,9/12/2013,Incoming,5.274615489,5.578877664,5.257651026,4.843732674,4.644129734,4.818161617,4.580633993,5.325356232,5.207516382,4.783096818,4.734425789,3.920527547,4.295592762,3.219849339,3.302012904,2.756305466,2.58557794,1.986510518,1.809160808,1.592348272,1.51345674,1.085654699,1.022028759,1.25921607,0.8150404,1.276482236,0.784194943,0.850431145,0.707919958,0.458716638,0.0824078,0.620646313,0.380915185,0.510551949,0.327946695,0.467407637,0.997817158,0.398844915,0.424569517,0,0.319525971,0.338886093,0,0.569881327,0,0.212070604,0.671225429,0,0.248352987,0,0,0.288553906,0.302860517,0.317631353,0,0,0.364810034,0,0,0,0,0,0.47273322,0,0,0,0,0,0,0,0,0,1.393136826,0,0,0,0,0,0,0,0,0,0,0,0,0,0,0,0,0
3,3,3,9/12/2013,Incoming,4.28643316,4.824705648,4.403696638,4.3519925,4.460970042,4.618613417,4.919245981,4.912834974,4.90282344,4.883196672,4.733485689,4.517433615,4.712756172,4.137935968,3.419048714,2.816530868,2.772542147,2.506355821,2.416396238,1.802763471,1.400050654,1.186403823,1.237868649,1.28433345,0.701407912,1.146277278,0.876744414,0.650546152,0.595683736,0.409383557,0.504308064,0.406945766,0.509924556,0.234331038,0.668976361,0,0.190822855,0.610201354,0.324778817,0.230189984,0.366636705,0.518468948,0.41194579,0.435936969,0.614455363,0.162226038,0,0,0.189980477,0.199890543,0.210139475,0,0,0,0,0.266664311,0,0.29184503,0.610018201,0,0,0.346863797,0.361622004,0.376793103,0,0,0,0,0,0,0.495026591,0,0,0,0.57254706,0,0,0,0,0,0,0,0,0,0,0,0,0,0,0
4,1,1,16/12/2013,Outgoing,3.06655106,3.349125626,3.200439003,2.967949991,3.00786223,3.073125662,3.299800685,3.323624218,3.824045321,4.322204775,4.454560175,4.666726739,4.967486137,4.812137932,4.000428659,4.161512972,3.585779596,3.221496991,2.836208762,2.646531994,2.266412742,1.805066492,1.500765627,1.54214695,1.307636588,1.352230771,0.918595659,1.053108867,0.585212422,0.765062454,0.896360806,0.771528556,0.704358043,0.488695274,0.808549665,0.660929631,0.379869635,0.462752319,0.246299205,0.261850512,0.417064477,0.221167231,0.624806703,0.165298529,0.43685485,0.369076822,0.194694199,0.205216092,0.324165347,0.113691747,0,0.251092091,0.395311109,0.276394249,0.289658834,0.303341445,0.158723926,0,0.34696001,0.181189093,0.189123393,0,0,0,0.22317549,0.464567319,0,0.251236537,0,0,0,0.292180085,0,0,0.325647523,0,0,0,0,0,0,0,0.427172116,0,0.455484112,0,0,0,0,0.531675927
4,1,2,16/12/2013,Outgoing,2.003040069,2.288636528,2.355812993,2.314403872,2.37711331,2.669671193,2.895685064,3.161835624,3.348534292,3.726785107,3.888881943,3.94734213,4.083008035,4.00415079,3.683061043,3.317883876,2.954960408,2.881652731,2.171594694,2.165258708,2.099982338,1.923337044,1.772633759,1.456010867,1.466638359,1.386134035,1.234577272,1.316162428,1.227834649,1.113853973,0.971922564,0.768903819,0.561569276,0.920934622,0.94799869,0.851218768,0.735521729,0.784002443,0.589106871,0.626303007,0.720452187,0.587772682,0.622680904,0.329472435,0.626931011,0.588513765,0.310450964,0.654457144,0.51690004,0.271931759,0.667039986,0.500475781,0.315173059,0.661089255,0.461877541,0.362771214,0.379641628,0.926396772,0.138311872,0.577832727,0.452351751,0.157291773,0.327968201,0.170863581,0.533799024,0.370389382,0.192651282,0.400610922,0.416319417,0.21621659,0.897915204,0,0,0.75156809,0,0.268959045,0,0.28827818,0,0,0,0.988945232,0,0.351740677,0,0,0,0,0,0
4,1,3,16/12/2013,Outgoing,2.374408573,2.505162477,2.491665774,2.417519352,2.596702328,2.908718509,2.97690232,3.485094435,3.573188771,4.234072618,4.072115335,4.27052426,4.415977746,3.8416568,3.763451576,3.3883449,2.807682469,2.60149309,2.14417187,2.010171848,1.815213051,1.910138872,1.376742261,1.400078382,1.019492177,1.238900236,0.696503307,0.704977352,1.253323891,0.882746099,0.570901009,0.614242845,0.952935409,0.943196842,0.589021786,0.809524534,0.768072459,0.307011975,0.544688837,0.926528663,1.106801925,1.17386316,0.414526624,0.87733597,0.309152501,0,0.861129905,0.181533592,1.147023025,0.402285219,0.422911349,0.888461509,0.466254862,0.4889951,0.768694342,0.536669778,0.561627281,0.293673364,0.306919929,0.320558788,0.334596021,0,0.363887624,1.137461209,0.394840867,0,0.855002913,0,0,0.959587626,0,0,0,0,0,0,0,0,0.661885862,0,0,0,0,1.561054616,0,0,0,0,0,0
4,2,1,16/12/2013,Outgoing,2.797953958,3.10555291,3.401213158,3.355577119,3.950161888,4.322432562,4.373264817,5.05035993,5.486808248,5.542662113,5.935199348,6.258325308,5.773073574,4.883571354,4.176183489,3.251754255,2.808228386,2.502685855,1.886648497,1.61825777,1.33683465,1.293574504,1.071007853,1.125067926,0.653647744,0.740636211,0.774042855,0.906575501,0.581364579,0.706334231,0.507566321,0.318558135,0.439901828,0.262049977,0.336649313,0.239905678,0.44812943,0.887096108,0.145278665,0.231677117,0.328005103,0.347879039,0.4606747,0.487503627,0.412283575,0.108849271,0.229679219,0.363137662,0.254943645,0.268242264,0,0.296211409,0,0.163029985,0.170854169,0,0.187245574,0,0,0.213747354,0,0,0,0.252818389,0,0,0.285056274,0,0,0,0,0,0,0,0.384164048,0.795929801,0,0,0,0,0,0,0.503931728,0,0,0,0,0,0,0
4,2,2,16/12/2013,Outgoing,2.682385794,3.147876731,3.479096584,3.896422621,4.276070098,4.800890416,5.034646332,5.413080595,5.664447621,6.004127976,6.090447721,6.043870612,5.000759585,4.518489932,3.628036266,3.013016728,2.604057288,2.510151314,1.780832157,1.821714393,1.599369813,1.450975609,0.978924109,0.972365367,1.116533092,0.830756212,0.935205492,0.734418348,0.567680268,0.367844395,0.616770426,0.379196944,0.458183821,0.655057674,0.525960437,0.312345066,0.333395262,0.497518585,0.151316166,0,0.34163674,0,0.479820074,0,0,0,0.119612372,0.378229286,0.265538788,0.13969517,0,0.154260759,0.323817532,0,0.177954845,0,0.390054479,0.203958564,0.213158335,0.222630715,0,0.242408909,0.252722787,0,0,0,0,0,0,0.333220459,0,0.359007235,0,0,0,0,0,0,0,0,0,0.508035099,0,0,0,0,0,0,0,0
4,2,3,16/12/2013,Outgoing,2.65016519,3.200740392,3.57827375,4.071475034,4.422422424,4.730213213,5.056122257,5.028559897,5.298333637,5.150543259,5.638914774,5.303622809,4.65884641,4.568330973,3.675266327,3.323442551,2.564353811,2.097208653,1.609441535,1.607991344,1.58163829,1.194205793,0.967565259,1.130298949,0.925928518,0.952755886,0.974644482,0.627574122,0.786362142,0.656232673,0.707345655,0.626743752,0.673150877,0.515567278,0.220778844,0.530999815,0.503809707,0.201381614,0.786023567,0.303873912,0.322664947,0.513322967,0.362539659,0.191826707,0.20278553,0.321231209,0.112969867,0.119075269,0.125396362,0.131937515,0,0.145694401,0.305835436,0.160375749,0.336145214,0,0,0,0,0.210267341,0.219474933,0.228947317,0.238688607,0.248702146,0,0.269561906,0.56083091,0.291556419,0,0,0,0,0,0,0.377909467,0,0.405383392,0,0,0,0,0,0.495727356,0,0,0,0,0,0,0
4,3,1,16/12/2013,Outgoing,2.557091144,2.847694447,3.027443843,2.938382673,3.332915262,3.53973434,3.805558402,4.253728295,4.74413865,4.984472813,5.669389798,5.805685063,5.615189045,5.091589903,4.260740004,3.70895951,2.984812679,2.125644847,1.601645961,1.523920403,1.371904551,1.265575846,1.079591229,1.271019351,1.097704573,1.020075619,0.879337796,0.559727795,1.009517764,0.775283511,0.470063836,0.533847512,0.543198519,0.582451208,0.554267317,0.666539683,0.434781308,0.589831728,0.53817776,0.23839921,0.65816805,0.322175346,0.511964356,0.601978092,0.25454746,0.873658252,0.63812705,0.149469543,0.236106549,0.248422803,0.435266712,0.365767166,0.383901131,0.301968579,0.316460586,0.220939417,0.23121412,0.120901137,0.252709111,0.131969617,0.275496768,0.431080816,0,0,0.162550389,0,0.351992637,0,0,0,0.205072258,0.21281001,0,0,0,0,0,0,0,0,0.582767038,0.301149737,0,0.321332075,0,0,0,0,0,0
4,3,2,16/12/2013,Outgoing,3.349898084,3.584376508,3.42119182,3.315790597,3.309302239,3.551075371,3.580017527,4.029633608,4.304772501,4.829336926,5.45954203,5.697246471,5.734668883,5.399639787,4.291983994,3.545156891,2.792322606,2.068911857,1.501349825,1.425124245,1.278729559,1.357138231,1.037715029,0.888521992,0.880211834,0.860633874,0.801798326,1.014441916,0.909589682,0.846830741,0.693719663,0.62853519,0.337537569,0.678616451,0.823368595,0.465952897,0.55261688,0.35342511,0.438923199,0.399974423,0.566277697,0.375367787,0.238596715,0.504984304,0.266916924,0.281880805,0.594787659,0.313465722,0.110035573,0.347326138,0.12171149,0.25569409,0.268370843,0.281459828,0,0,0.161633113,0.169035047,0.529978577,0,0.192589497,0.20090161,0,0,0.454531666,0.236540914,0.246064918,0.255841138,0.265873073,0,0,0.297535064,0.308622169,0.319981452,0,0.343529214,0,0,0,0,0,0,0,0,0,0,0,0.509423756,0,0.541420286
4,3,3,16/12/2013,Outgoing,2.721632225,3.142308445,3.208074229,3.377704855,3.344506993,4.017204632,4.503740212,4.450473911,5.224073239,5.202703498,5.736389502,5.852757002,5.675327333,4.696375522,4.055761747,3.233896484,2.339306769,1.948806905,1.587240448,1.447316028,1.361775989,1.04773139,0.993800681,1.174313082,1.032373519,0.988436288,1.037294822,0.602629909,0.521709885,0.281713868,0.556702781,0.435612015,0.350900256,0.501676064,0.53707592,0.645865846,0.612793912,0.408240835,0.608399599,0.462009789,0.490579926,0.208121679,0.220482233,0.233322612,0.123326169,0.390720124,0.824445946,0.724167696,0.305044482,0.160478429,0,0.354422297,0.185996826,0.195068297,0.408860193,0,0.448085193,0.468605037,0.244871061,0.255752533,0.266951923,0,0.580643531,0,0.315017249,0.655747305,0,0,0,0,0.39742331,0,0.427786819,0,0,0,0,0,0,0,0.564691699,0,0,0.622731002,0,0,0,0,0,0
5,1,1,22/01/2014,Incoming,1.736080332,2.464931555,3.04951939,3.708533406,4.12175965,4.456391353,4.633688376,5.389551905,5.880452003,5.808378434,6.099303203,5.424631352,5.168083382,3.872802516,3.257818839,2.587677123,2.096693847,1.614856595,1.691770679,1.504847459,1.425539103,1.47522771,1.097577119,1.116181267,1.469233581,1.226092479,0.740362315,0.762751572,0.8688562,0.750666393,0.859705451,0.544101517,0.292194777,0.626618892,0.737918508,0.286833432,0.459246419,0.815861653,0.607937579,0.369327185,0.098041494,0.31194538,0.330472076,0.233145542,0.123232469,0.520564658,0.411909995,0.289447175,0.609625768,0.16035644,0,0.177076551,0,0,0,0,0,0,0.244684981,0.255558422,0,0.556523848,0.580202582,0.302271796,0.314778164,0.655249236,0.340815953,0,0,0,0,0.412105557,0,0,0.459309984,0,0.492701672,1.019975706,0,0,0,0,0,0,0,0,0,0,0,0
5,1,2,22/01/2014,Incoming,2.575545527,3.473720516,4.159631395,4.558242329,4.735949223,5.296846132,5.703940818,6.239036687,6.82461759,7.237687638,6.641644886,5.913967718,5.518270067,4.019230507,3.114930217,2.26500305,1.873097202,1.483676037,1.357037188,1.135814244,1.161134486,1.037132441,0.930245237,0.977200289,0.862963017,0.841230987,0.510955996,0.524949596,0.568075412,0.681667494,0.293904587,0.395271544,0.169815823,0.45521763,0.633540912,0.46884356,0.055604546,0.414887289,0.31546162,0.201227883,0.071223857,0.45323579,0.080025681,0.169372352,0.447621339,0.283629588,0.199492577,0.105136821,0.110718206,0.116493617,0,0.128640133,0,0.141602989,0.296797595,0.155408699,0.162635864,0,0,0.185654634,0,0,0,0,0,0.238008276,0,0,0.267522511,0.277877053,0,0,0,0,0,0,0,0,0,0,0,0,0,0,0,0.481683096,0,0,0,0
5,1,3,22/01/2014,Incoming,2.988130083,3.684546978,4.218379972,4.760919227,4.824361842,5.143653154,5.191031178,5.518030473,6.002587341,6.095407448,5.559467452,5.467586892,4.490848733,3.763961547,2.918999331,2.344427298,2.057733314,1.583321052,1.405727003,1.279735943,1.182902514,1.274781704,1.02672849,1.124449583,0.818788293,1.135363018,1.189964441,0.716929907,0.879271002,0.39100372,0.662291841,0.583013229,0.347879084,0.671431832,0.559074561,0.170748045,0.63789393,0.291402848,0.310197381,0.109927668,0.350176496,0,0.393451131,0.138788383,0,0.309885055,0.16346951,0.172303854,0.362901902,0,0,0,0.442549346,0,0.243204111,0,0,0.278742339,0,0,0.317584305,0,0,0,0,0,0,0,0.438430374,0,0,0,0.508924642,0,0,0,0,0,0,0,0,0,0,0,0,0.789408404,0.814467097,0,0,0.892813696
5,2,1,22/01/2014,Incoming,2.116159564,2.881920976,3.552375301,4.291233962,5.091715969,6.216860981,7.168730494,8.478750472,9.351337985,9.284784895,8.519187405,6.725327754,4.894140407,3.366803313,2.227676916,1.561033999,1.23165599,0.971588122,0.811110366,0.745058016,0.843507582,0.696919139,0.498131622,0.612071928,0.43600224,0.570030036,0.378626914,0.335951393,0.363550577,0.327184503,0.235112261,0.202369255,0.217353666,0.262192613,0.280693752,0.200030212,0.320266506,0.227584315,0.282639866,0.085853031,0.182324198,0.193371226,0.204855749,0.054196519,0.05729274,0.181514145,0.127669004,0,0.212568577,0.149104647,0.078374798,0.164651425,0.345629015,0,0,0,0,0,0.113757998,0,0.124015931,0,0,0.140531022,0,0,0,0,0,0,0,0,0,0.206048583,0,0,0,0,0,0,0.262334842,0,0,0,0,0,0,0,0.338235281,0
5,2,3,22/01/2014,Incoming,1.819105699,2.851747342,3.793870534,4.447567369,4.866783456,5.402970142,5.858738563,6.671141936,7.929050753,8.509593036,8.722457535,7.737724279,6.100413728,4.213508543,2.763331449,2.136290377,1.409053172,1.187181045,1.0553313,1.088945642,0.978532274,0.941676294,0.857328025,0.834600906,0.732531323,0.762623026,0.616857677,0.648055009,0.497692708,0.415333122,0.395014214,0.311668827,0.517335285,0.2284137,0.244531308,0.224048381,0.318863827,0.127455439,0.180901289,0.048080819,0,0.324884742,0.286816633,0.060704063,0.192516151,0.067769658,0,0,0.158728149,0.083503972,0.175570874,0,0.096782389,0,0.106374017,0,0,0,0,0,0,0,0,0,0,0,0,0,0,0,0,0,0,0,0,0,0,0,0,0,0,0,0,0,0,0,0,0,0,0
5,3,1,22/01/2014,Incoming,2.817914789,3.709799326,4.46831053,5.178085391,5.656672267,6.070017141,6.196475557,6.71579396,7.175752359,7.369784832,7.166684855,6.37189605,5.12470589,4.140728097,2.997347882,2.202968737,1.56400435,1.318719744,1.095081123,0.852695232,1.113725053,0.943771306,0.846505965,0.737875194,0.847276174,0.495326519,0.587318522,0.583848785,0.51693809,0.341167666,0.267447763,0.359689865,0.270426116,0.289967772,0.310428768,0.379234649,0.303594531,0.593276839,0.114825726,0.183113679,0.259249541,0.274957498,0.291287481,0,0,0.344130186,0,0.095672589,0.201502959,0.10600709,0,0,0,0,0,0,0.147995563,0,0,0,0,0,0,0,0,0,0,0,0,0,0,0,0,0,0,0,0,0,0,0,0,0,0,0,0,0,0,0,0,0
5,3,2,22/01/2014,Incoming,2.965607324,3.956774882,4.580343561,5.167006781,5.493937822,6.029972166,6.259005263,6.709810032,7.059699576,7.219404071,7.043297997,6.389447943,4.979465612,3.817640427,2.937527963,2.036131036,1.523461677,1.327964909,1.276023365,1.176922818,1.021988736,0.733504473,0.992952867,0.800205835,0.91884824,0.659252089,0.504237212,0.633168245,0.436026507,0.437257578,0.253784927,0.312059153,0.377061314,0.224615837,0.288558542,0.102817416,0.109746738,0.233960988,0.062262651,0,0.070287315,0.074545992,0.078973376,0.250717825,0.088347097,0.186599998,0.19686928,0.103754277,0.109262269,0,0,0,0.133242437,0,0.146447403,0,0.160497208,0,0,0.183213325,0.191236186,0.199489803,0.207977686,0,0.225668778,0,0,0,0,0,0,0,0,0,0,0.34111517,0,0,0,0,0,0,0,0,0,0,0,0,0,0
5,3,3,22/01/2014,Incoming,2.930530245,3.854749181,4.621818364,5.08232056,5.400922214,5.583697857,5.613793657,6.096667173,6.424962418,6.356440275,6.63013966,6.002302454,4.899752521,3.928928947,2.975588736,2.180340822,1.707238773,1.208334268,1.109038349,1.40001917,1.113459435,0.939870108,0.979765762,0.919728871,0.920861039,0.820864908,0.5452371,0.725674222,0.698035601,0.722442457,0.710998239,0.4371291,0.391246913,0.251711574,0.404209646,0.336059657,0.204975978,0.491595043,0.290722972,0.123631713,0.3281922,0.069615515,0.073749987,0.312180325,0.412518709,0.261387187,0.091924099,0.29067585,0.102035642,0,0,0.237104287,0,0.130498433,0,0,0.149881832,0.156745618,0.327631652,0,0.17858771,0,0,0,0,0,0,0.237240734,0,0,0,0,0,0.296717738,0.307506501,0,0,0,0,0,0,0,0,0,0,0,0,0,0,0
6,1,1,29/01/2014,Outgoing,2.604619634,2.863064549,3.294012064,3.892190799,4.627449244,5.238380084,5.548768933,5.312170537,4.599511054,4.471218912,4.367027867,4.195034129,3.831403368,3.570496051,3.325459108,3.233947737,3.296382474,3.252731917,2.442838278,2.684918627,2.004947016,2.002546961,2.393447516,1.629425088,1.624982557,1.138127489,1.007960352,0.447176078,0.914056872,0.871012976,0.625903295,0.336710295,0.506298782,0.310220145,0.66422043,0.621261498,0.37893176,0.504885583,0.429959131,0.22855349,0,0.128695564,0,0.144279264,0.152521601,0.322144624,0,0,0.188629391,0,0.20864523,0,0,0.482495667,0,0,0,0,0.302840274,0,0.330148576,0.344397621,0,0.37411423,0,0,0,0.438578301,0,0,0,0,0,0,0.568476185,0,0,0,0,0,0,0.721780791,0,0,0,0,0,0,0,0
6,1,2,29/01/2014,Outgoing,2.797799749,3.236674404,3.538988409,3.975791536,4.293937454,4.617513886,4.689520601,4.609029582,4.697033639,4.445304451,4.308876693,3.949874646,3.991758634,3.572182568,3.317292358,2.894277111,3.073399046,2.778416613,2.237913386,2.292260221,2.076214644,1.951465206,1.843683229,1.413411564,1.130283418,1.20141006,1.01201389,0.814268829,0.804540143,0.827499018,0.936549207,0.863700226,0.463826467,0.718385132,0.236638956,0.442668293,0.472501404,0.359746936,0.459539292,0.162851475,0.691688068,0.366798745,0.097145723,0.308410358,0.217352969,0.229538344,0.363256,0.255258186,0,0.848493138,0,0.312321308,0.491708342,0.343793357,0,0.188655864,0.592287288,0.206470175,0,0,0.470482575,0,0,0.26656807,0,0,0.300559588,0.312500943,0,0.337324216,0,0,0,0.390845968,0,0,0,0.899498401,0,0,0,0,0,0,0,0,0,0,0,0
6,1,3,29/01/2014,Outgoing,2.533158734,2.971983867,3.485181137,4.073451353,4.667579628,5.201646941,5.525904111,5.634789321,5.833927119,6.051097614,5.936598698,5.556505058,4.791763348,3.639654265,3.115383803,2.834063055,2.195150622,2.290444691,1.978306344,1.637730874,1.434331167,1.410793916,1.198253514,1.40280325,1.210943733,0.726974942,0.76089119,0.603001051,0.583850574,0.77889908,0.439772775,0.344116105,0.461995234,0.643993813,0.371234715,0.340138653,0.60510327,0.386992575,0.549269901,0.145987761,0.232522961,0.328815527,0.261258186,0.092157795,0.389690792,0.10288451,0.325639562,0.22882542,0.120486386,0.633857308,0.399814067,0,0.293860056,0.308192318,0,0,0.176984593,0,0.386876394,0,0,0,0,0,0.248850978,0,0,0,0,0,0,0,0,0,0,0,0,0,0,0,0,0,0,0,0,0,0,1.115615347,0,0
6,2,1,29/01/2014,Outgoing,2.281506225,2.840690121,3.232923817,3.892299139,4.305027458,4.967752421,5.247610414,5.337356137,5.790763811,5.730828328,5.902465927,5.256819773,4.887841223,4.482323561,3.75318388,3.777890034,3.191240808,3.298425267,2.776918907,2.542222148,2.238555937,1.912438903,1.354217773,1.362038263,1.124031676,0.792410279,0.939576565,0.934025663,0.735096779,0.545790984,0.213927751,0.402795608,0.556226464,0.530151617,0.354725362,0.379181073,0.485682531,0.172565126,0,0.292940475,0.103685252,0,0,0.123283016,0,0,0,0,0.161179522,0,0,0,0,0.206140617,0,0,0.236759484,0,0,0,0,0,0,0,0,0.34648388,0,0,0,0,0,0,0,0,0,0,0,0,0,0,0,0,0,0,0,0,0,0,0,0
6,2,2,29/01/2014,Outgoing,2.284907615,2.725783455,3.438871691,3.896413447,4.53165201,5.324419438,5.777978577,6.386297953,6.399461843,7.074253969,7.320894059,6.436384448,5.499680072,4.235845874,3.578645346,2.924823967,2.19238743,2.088580889,1.6392904,1.718810532,1.461228371,1.267654343,1.215462081,1.161727471,0.793062107,0.806439441,0.313045257,0.577126989,0.330638448,0.3570775,0.470420751,0.276073045,0.296514961,0.476912812,0.510565038,0.242562129,0.129454622,0.068993799,0.073443581,0,0.331636719,0.175865468,0.18631011,0,0,0.330163319,0.580555744,0.122386171,0.128883239,0,0.142559121,0.149745671,0,0,0.172745956,0,0,0,0,0,0,0.470626913,0,0,0.266193415,0.277057208,0,0,0,0,0,0,0.361485184,0,0,0,0,0,0,0,0,0,0,0,0,0,0,0,0,0
6,2,3,29/01/2014,Outgoing,2.478994581,3.056605191,3.608296346,4.146046474,4.535152984,5.170672072,5.601948487,6.162898622,6.463671062,6.332095119,6.121535733,5.396754811,4.789382944,3.96779058,3.499157044,2.615822218,2.244303949,2.10136787,1.946688996,1.389045329,1.387180894,1.141016761,1.186037071,1.02933327,0.776296461,0.933269992,0.633987797,0.893798251,0.409210923,0.522284326,0.259829565,0.512518245,0.100085117,0.482928121,0.574450082,0.245621633,0.786524688,0.069863886,0.074370022,0.316262566,0.33581992,0.356167351,0.188660248,0.199647496,0.31657964,0.33432772,0.117575629,0.123929912,0.130508753,0.274633206,0.144357263,0,0.477456215,0,0,0.18318769,0,0.400971573,0,0,0.228423002,0,0.248419915,0,0.269551126,0,0.291847907,0,0,0,0,0,0.366044625,0,0,0,0,0,0,0,0,0,0.515938078,0.532852646,0,0,0,0,0,0
6,3,1,29/01/2014,Outgoing,1.967401425,2.215093327,2.607746528,3.200896852,3.984758192,4.701680397,5.757908536,6.362535832,7.229146328,7.740197273,7.782729511,7.200187708,5.547777393,3.914060975,3.147404569,2.088867849,1.647166724,1.441444426,1.084108347,1.178230399,1.129422852,1.22955813,0.803818946,0.616226758,0.711536394,0.628556725,0.592093122,0.59271133,0.668128963,0.663830606,0.591094288,0.368192704,0.21570291,0.385483629,0.701563674,0.5293629,0.329605983,0.250950977,0.320563864,0.568007003,0.180939544,0.51174051,0.338833235,0.286853096,0.303240714,0.160120557,0.084466328,0.534186569,0.093757374,0.098648125,0.103706089,0,0.2286695,0.239822077,0.251331767,0.131601917,0.275443865,0.14402889,0,0.471643453,0.164098793,0.171181224,0,0.185951635,0.193645369,0.201548241,0,0,0,0.235309485,0,0.253519337,0.525932501,0,0.282558357,0.292709305,0,0,0,0,0,0.358757793,0,0,0,0,0,0,0,0
6,3,2,29/01/2014,Outgoing,2.101972731,2.458008107,2.977067878,3.621677,4.39353125,5.195517052,5.74414865,6.427958249,7.183463382,7.222009628,6.687881536,6.000644532,4.883807989,3.431759006,2.490660083,2.129681241,2.050404736,1.427211915,1.44289153,1.422370257,1.375479699,0.944575904,0.994195594,0.781110191,0.982437156,0.591518427,0.949082922,0.664029979,0.251503503,0.698437709,0.334594728,0.314996814,0.724973208,0.673713073,0.776733311,0.355835521,0.506422238,0.134950481,0.502790552,0.305449612,0.324338186,0.257992467,0.45552463,0.674875018,0.611511623,0.322897153,0.340667384,0.239385193,0,0.265243445,0.139421645,0.585799888,0,0.483622226,0.168944116,0,0.18515225,0,0,0.634073493,0,0,0.479852655,0,0.520670116,0,0,0,0,0,0,0,0.353529559,0,0,0.393515952,0.407485627,0,0,0,0,0,0,0,0,0,0,0,0,0
6,3,3,29/01/2014,Outgoing,1.969767981,2.379146344,2.949524851,3.475647718,4.08277425,4.550011264,5.115573221,5.803188285,5.97561469,5.819729104,6.004702518,5.222169493,4.161573793,3.429173454,2.566951149,2.175696789,1.82577211,1.427000943,1.504803106,1.112550958,0.990487231,1.185205269,1.095083637,0.905140072,0.939208876,0.996341195,0.995127713,0.603071446,0.686963284,0.927369203,0.51979217,0.731331878,0.600663886,0.396350127,0.636476828,0.737053281,0.605173849,0.77407562,0.274667131,0.365011811,1.007717616,1.068775318,0.522577195,0.645179748,0.389736332,0.514482139,0.108559168,0.343278204,0.723003154,0.507145076,0.533147624,0.420018034,0.587788842,0,0.323020751,0.676558303,0.354010607,0.37022237,0.386921691,0,0.632717709,0,0.229369379,0,0,0.259037293,0,0,0,0.302428524,0,0,0.675947783,0,0,0,0,0,0.41720666,0,0.892271564,0,0,0,0,0,0,0,0,0.592912388
7,1,1,5/02/2014,Incoming,3.509955913,3.780476778,3.635804165,3.393597854,3.061529348,2.82221265,2.707179977,2.747278271,2.962368936,2.912151634,2.974281978,2.70097784,2.787352097,2.516235166,2.42077857,2.234862961,2.312920335,2.320544975,2.212183839,2.339863579,2.037433319,1.899174582,2.332360712,1.744432837,2.381700383,2.199457724,2.202586553,1.747775287,1.828313666,1.634079104,1.541185386,1.618708616,1.314525541,1.273111272,0.924856192,0.936585163,1.499557685,1.124799212,1.3863996,0.937959672,0.355700731,1.207208227,0.719384268,1.099626663,1.073028599,0.472160236,0.896661153,0.525066141,0.221176112,0.581783519,0.122322673,0.256977911,0.539436849,0.141436502,0.444673249,0.310452027,0,0.509651234,0,0,0,0.201910396,0,0.219332203,0,0,0,0,0,0,0,0,0,0,0.333281153,0,0,0.370053748,0,0,0,0,0,0,0,0.481117038,0,0,0,0
7,1,2,5/02/2014,Incoming,3.46833071,3.775580412,3.726362249,3.606642385,3.421277752,3.387432032,3.347924081,3.401542737,3.303821966,3.310052569,3.351315212,3.099697412,3.057887745,2.793652709,2.811124349,2.509651058,2.560252722,2.423436762,2.369761648,2.205609911,2.128148288,1.967632052,2.009961919,1.884742458,1.799322787,1.686427177,1.842298972,1.574108647,1.561473293,1.533031108,1.283815862,1.299224539,1.29260477,1.354510953,1.197166897,1.063414414,0.961933851,0.779257012,0.698540348,0.97472299,0.9364272,0.653398255,0.498387094,0.791118245,0.867289058,0.457955591,0.31060193,0.327387648,0.268152546,0.403057642,0.296606388,0.133525105,0.28029003,0.146980224,0.256723455,0.322620178,0.337623397,0.470779559,0.123003696,0,0.067047652,0.209824283,0.072917316,0.0759763,0.07911983,0.082348749,0,0.089067952,0.185120824,0.096143036,0.199633757,0,0,0,0,0,0,0,0,0.137178302,0,0,0,0,0,0,0,0,0,0
7,1,3,5/02/2014,Incoming,3.111389395,3.279970046,3.398945719,3.371436527,3.282798572,3.265857658,3.403010621,3.187200656,3.270233824,3.221173677,3.335381582,3.074730376,3.107995877,2.632114276,2.868885855,2.629093749,2.814747451,2.66301435,2.536494493,2.217283739,2.340776245,2.404051915,1.740568996,2.148548756,1.852702731,1.614817763,1.671582147,1.495536098,1.226058891,1.297616972,1.455775439,1.013485183,1.15450019,1.520881478,1.173818319,0.769036509,0.604847688,0.736817552,0.882382426,1.094445268,0.55339249,0.762999332,0.559602437,0.657991813,0.556466058,0.881493917,0.38750249,0.5718218,0.688203288,0.724102523,0.190307168,0.199900862,0.314717185,0.110022189,0.230604747,0.120748814,0.505456898,0.396453028,0.276223609,0.432747741,0,0,0.32749394,0.170616514,0.355351308,0.184926796,0,0.200015784,0,0,0.224154101,0,0,0,0,0.268569932,0.278104227,0,0,0,0,0,0,0,0,0,0,0,0,0
7,2,1,5/02/2014,Incoming,2.644116132,3.042917884,3.604935257,3.871356107,4.276466053,4.484799532,4.597490166,5.034998672,5.551063893,6.008081059,6.328664729,6.301000983,5.424187344,4.826652902,3.895090714,2.754422024,2.524598897,1.804111541,1.922713218,1.587370378,1.597227435,1.44224523,1.393927597,1.214338886,0.985299056,1.19734833,0.718019148,0.632666099,0.579311708,0.398131639,0.551753442,0.13192028,0.283376736,0.607708303,0.406618754,0.347721488,0.1855779,0.395619955,0.315852157,0.111931736,0.118853359,0.252109461,0.400623695,0,0.298783639,0.157767035,0,0.175444946,0,0,0.204363617,0.214665704,0.450616884,0,0,0.259335047,0,0,0.593251995,0.309807386,0,0,0,0.366437129,0,0,0,0,0,0,0,0,0,0,0,0.576813965,0,0,0,0,0,0,0.730403115,0,0,0,0,0,0,0.90908966
7,2,2,5/02/2014,Incoming,3.379889488,4.078652873,4.474599367,4.83063289,5.193747245,5.460434095,5.396308046,5.909782496,6.368912119,6.578748731,6.494309211,6.160062981,4.666459626,3.937741386,3.403022235,2.554709555,2.273989412,1.939704804,1.557829542,1.242683008,1.691614319,1.125490973,1.479290383,1.087454138,0.921131016,0.792294859,0.574102102,0.560333707,0.471618293,0.509330676,0.274500843,0.37972342,0.181262281,0.340131152,0.208075392,0.111210283,0.296762794,0.126529257,0.134690201,0.143194345,0.076024705,0.24189302,0.256259369,0.271183309,0,0.100915804,0.42587863,0,0.118181053,0.124345874,0.261442671,0,0,0,0.158401713,0,0,0,0,0,0,0,0,0,0,0,0,0,0.285554731,0,0,0,0,0,0,0.368959576,0,0,0,0,0,0,0,0,0,0,0,0,0,0
7,2,3,5/02/2014,Incoming,3.597446987,4.318444925,4.981123416,5.278238427,5.326694846,5.5755326,5.82859717,5.591537453,5.518185085,5.623415258,5.571075786,5.288552934,5.234075047,3.661435895,3.738231103,2.640109281,2.521191556,1.800886089,2.036909024,1.68523479,1.268078165,1.047705878,1.006852615,0.945155728,0.516174078,0.812315783,0.814997731,0.66287689,0.63762976,0.344308496,0.185563025,0.199650669,0.428867613,0.114964599,0.36923055,0.263124072,0.280857077,0.299369385,0.31867776,0,0,0,0,0.427747845,0,0.477535345,0.25190798,0.265521612,0,0,0,0,0,0,0,0,0,0.429544145,0,0,0,0,0,0,0,0,0,0,0,0,0,0,0,0.813122291,0,0,0,0,0,1.001303237,0,0,0,0,0,0,0,0,0,0
7,3,1,5/02/2014,Incoming,2.560599911,3.135576943,3.536860497,3.985884444,4.353370049,4.91828376,5.097433602,5.273053044,5.869060515,5.570414125,5.730940584,5.467177897,4.45111952,3.648241282,3.002549059,2.149791313,1.725007479,1.600161343,1.458578995,1.38426102,1.065744728,0.814258062,0.769508992,0.614978776,0.6965899,0.487887148,0.530289549,0.479233507,0.484030021,0.6347491,0.281724621,0.476320167,0.558097253,0.249344351,0.266939168,0.741890045,0.730974116,0.259718403,0.414704116,0.220444094,0.234076208,0.248258997,0.350671012,0.278320192,0.196146795,0.310714858,0.437086249,0.115177125,0.121291341,0.510473235,0.402484482,0.563699185,0.147911715,0.310250963,0.81285118,0.510748373,0.534500595,0.745303672,0,0,0.42457988,0.442904532,0,0,0.250513287,0.260736972,0.542470791,0,0,0,0.316045651,0,0,0.7054259,0.731075293,0.378669474,0,0.811738632,0,0,0,0.46411453,0,0.495218289,0,0.527681739,0,1.123067351,0,0
7,3,2,5/02/2014,Incoming,2.33645397,2.929507413,3.137447705,3.562654762,3.978998934,4.459469271,4.75179258,5.020158899,5.380381385,5.541097091,4.966741069,4.793536239,4.185339083,3.398433931,3.029047485,1.973663453,1.675759315,1.140850232,1.533448851,1.142586885,0.969099113,0.970527165,0.923800378,0.77824994,0.722538469,0.416756439,0.452976747,0.218327711,0.649724931,0.765468294,0.893846871,0.665796502,0.158909942,0.340786749,0.547250407,0.877468409,0.208134281,0.554632895,0.236161936,0.502146344,0,0.565505111,0.149772668,0.15849528,0.167549759,0.530829522,0.933405002,0.983848693,0.414430979,0.218024583,0.687610045,0.481515203,1.010775715,0.265018232,0,0.290856254,0.304382375,0,0.665359601,0.347463422,0.36267864,0.756663571,0,0,0,0.890892918,0.926763569,0.481792329,0,1.040126389,0,0,0.581188022,0.602579376,0.624489058,0.646923568,0,1.386784094,0,0,0,0,0,0,0.87347438,0.901498273,0,0.959331293,0,0
7,3,3,5/02/2014,Incoming,3.266315562,3.894113682,4.229925296,4.523034431,4.577804526,4.878397487,5.249972597,5.612622193,5.742977106,5.628476695,5.716765767,5.492041521,4.904858669,3.761380261,3.401704725,2.444084198,1.859518594,1.412171746,1.252405649,1.445608183,1.00245241,0.828242039,1.174968289,0.87170219,0.566737156,0.666857697,0.563744218,0.291124084,0.50406498,0.612418136,0.586771998,0.394574019,0.508548465,0.636180271,0.340535688,0.364012816,0.222025569,0.473320188,0.314905096,0.468703084,0.142196375,0.377030207,0.159769058,0.253610204,0.357465441,0.471881831,0.398280954,0.419805232,0.110522906,0.232576359,0.244500732,0.128413168,0.673898467,0.706765632,0.148137094,0,0.324697843,0,0,0,0,0.201791222,0.210376948,0,0.228272392,0,0.247154623,0,0,0,0.287986423,0,0,0,0,0,0,0.36983546,0.38266112,0.395779559,0.40919485,0.422909582,0,0,0,0.480833254,0,0,0.527585784,0
8,1,1,14/02/2014,Outgoing,2.462573544,2.987654014,3.377398467,3.881313352,4.455015169,5.226691749,5.410965884,6.351183698,6.362213879,6.645774297,6.342684861,6.48008735,5.405773094,4.009705078,3.33612046,2.284607585,2.0331208,1.606375013,1.079282838,0.928956225,0.769998616,0.782996791,0.836072739,0.627872581,0.771519479,0.404719623,0.439893863,0.403656947,0.635371993,0.428861626,0.462264826,0.348151474,0.373930302,0.057278827,0.367923213,0.196644167,0.06996563,0.298309322,0.396936607,0.421999099,0.268857025,0.190097898,0.201388027,0.106558401,0.112645969,0.356883262,0.251015998,0,0.278627062,0.29316127,0.308192492,0.161864348,0.509667683,0.178174998,0.373452316,0.195546266,0.409280156,0.214011579,0.223664884,0.233604105,0,0.25435727,0.265179441,0,0,0,0.623074726,0.323914851,0,0.349645083,0,0.376702567,0.390739764,0.405121501,0,0.434934795,0,0.932352263,0.482342794,0,0,0.533076123,0,0,0,0,0,0,0,0
8,1,2,14/02/2014,Outgoing,2.435754716,2.77705347,3.12813041,3.48306601,3.835643404,4.286075559,4.837242325,5.517875001,6.04942201,6.124423372,6.314847503,5.967566518,5.334259976,4.507076531,3.728765786,2.911116911,2.237715552,1.82161185,1.59188074,1.420206372,1.079089886,1.140717741,1.028649946,0.938794887,0.662566558,0.876552896,0.54175067,0.526732388,0.745390796,0.449850118,0.382806428,0.631531596,0.501347219,0.537575622,0.372387989,0.253311681,0.309009401,0.535238227,0.39444879,0.186379664,0.247381411,0.104948152,0.389133745,0.117656107,0.186566558,0.262701116,0.138579222,0.292136872,0.076911378,0.161846671,0.170144941,0.357444247,0.093791388,0.393463177,0.412346241,0.107955998,0.225952839,0.118150137,0.123479464,0.257933287,0.134614057,0,0.146398561,0.15254048,0.476554969,0.33066921,0.17199157,0,0.185836938,0.386059521,0.20040594,0,0.215717212,0.44731386,0,0.240116088,0,0.257363628,0,0,0,0.294297304,0,0.314020301,0.324203967,0,0.345227058,0,0.734279871,0
8,1,3,14/02/2014,Outgoing,2.38348243,2.823618922,3.063072448,3.385423132,3.706841456,4.020781833,4.653479062,5.374000352,5.965831841,6.198971668,6.503076924,7.01184892,6.407563789,5.75223379,4.479381239,3.402687279,2.583586126,2.09837913,1.576170784,1.436356649,1.135419078,0.930691089,0.859405791,0.934071069,0.755445757,0.576989917,0.581023132,0.680106481,0.530337711,0.549368085,0.56695924,0.338889836,0.334864277,0.374673734,0.317546926,0.303708825,0.438592163,0.426849112,0.28128251,0.368052493,0.195406216,0.310868848,0.192110065,0.232340867,0.184210772,0.226960954,0.307866224,0.252392099,0.15188043,0.279655391,0.25199476,0.08823269,0.092607056,0.145685596,0.20356984,0,0.223099808,0.058329077,0.243840609,0.254676346,0,0.207976128,0.072275013,0.150614317,0,0.163246904,0.084909936,0,0.091745159,0.095296169,0,0,0.106496674,0.110416474,0.114431133,0.118542077,0,0,0,0,0,0,0,0.155027612,0,0.16519026,0,0.175787489,0.181252008,0
8,2,1,14/02/2014,Outgoing,1.564846208,2.24140001,2.913701045,3.655916539,4.161495531,5.081866521,5.587275108,6.432893367,7.333883591,7.725099646,8.223104219,7.823319647,6.917978502,5.968876877,4.454967234,3.024824507,2.235783081,1.509867187,1.109053216,0.908263213,0.826039936,0.852388974,0.82231436,0.651188473,0.650729063,0.511118016,0.555539211,0.330382577,0.315462588,0.567813514,0.391705379,0.474123255,0.226324291,0.333683652,0.162376973,0.208285926,0.296430784,0.236977181,0.08408715,0.044698169,0.142386837,0.151014061,0.053327628,0.112866697,0.05965734,0.189005615,0.132938223,0.070061263,0.14756112,0.07762924,0.081609503,0,0,0.09436169,0,0,0,0,0,0.123716881,0,0,0,0.146331073,0,0,0.164990444,0.171545589,0,0,0.192248113,0.199502037,0,0,0,0,0,0,0,0,0.273161926,0,0,0,0,0,0,0,0,0
8,2,2,14/02/2014,Outgoing,2.290836107,2.988372323,3.746875061,4.493909558,5.059347115,5.850305232,6.362595644,7.21861747,7.676758232,8.072016795,7.727843771,7.361261697,6.222395147,4.646327981,3.386456429,2.554810243,1.595271027,1.165208164,0.959780057,0.891791143,0.635865038,0.57789777,0.423134246,0.379151139,0.460142881,0.325862092,0.408672328,0.295460368,0.287759759,0.069059996,0.111658474,0.240270826,0.086020587,0.138354842,0.04937249,0.316658293,0.225332699,0.120092553,0.127838191,0.339774683,0.144314312,0,0,0,0.272092293,0.19156416,0.101053315,0.213029158,0.112169073,0.236040412,0.248142771,0.260651833,0,0.143458563,0.150343494,0,0,0.172312481,0,0,0.196323763,0,0,0,0,0,0,0,0,0,0,0.303304119,0.314606188,0,0.676091563,0,0,0.375344056,0,0,0,0,0,0,0,0,0,0,0,0
8,2,3,14/02/2014,Outgoing,1.680464276,2.25976797,2.810415533,3.462871407,3.941925562,4.582938946,5.467552224,6.220366928,7.076925503,7.57051189,8.381119122,8.040103725,7.514911983,6.200416037,4.316219635,3.038169854,1.986141647,1.482609646,1.076073822,0.984660482,0.857571123,0.860019369,0.758505241,0.556410589,0.487904454,0.484943362,0.425726368,0.384737476,0.297388988,0.295475653,0.373879367,0.193682478,0.240027338,0.137265188,0.128582173,0.157082172,0.125751403,0.178720086,0.332932296,0.07584721,0.187920806,0.170834461,0.120653691,0.095760263,0.134974587,0.142541576,0.075193128,0.079256705,0.125196258,0.13172696,0.138480947,0.048487294,0.101782421,0,0.055934794,0.117153863,0.183903034,0.128216537,0.334999612,0.209931844,0.073041533,0.076193967,0,0,0.086192872,0.179421087,0.093322612,0.09703035,0,0.209475875,0,0.112843184,0,0,0.125768769,0.260573921,0,0.139645485,0,0,0,0,0.164978711,0.170387413,0,0.181556911,0,0,0,0
8,3,1,14/02/2014,Outgoing,1.625729886,2.308156869,2.893104731,3.72962331,4.647487347,5.892758827,7.063282824,7.776988986,8.508004612,8.921842848,8.360603028,7.592933132,5.959985163,4.460458552,3.088349151,2.177575932,1.557735935,1.168749559,1.061294915,0.812492934,0.662973812,0.721100939,0.619369296,0.656079147,0.497978934,0.317589491,0.388339988,0.343151819,0.320704906,0.25520492,0.196487432,0.253685347,0.227057931,0.243465583,0.130322605,0.139307297,0.178434956,0.063398775,0.033743844,0.251121264,0.038092877,0.202004662,0.085600776,0.135878977,0.047880523,0.101129652,0.213390499,0.112461362,0.118431512,0.124609333,0.196497609,0.275204279,0,0.151468018,0.238105924,0.16623543,0,0,0.095069589,0.099294265,0.103642292,0.32434649,0,0.234888518,0.12230347,0,0.132420126,0,0.143079949,0.148617868,0,0,0,0,0,0,0,0,0,0,0,0,0,0,0,0,0,0,0.282669175,0
8,3,2,14/02/2014,Outgoing,1.222434244,1.675514252,2.296967494,3.040829551,3.816855763,4.750275266,5.976586915,7.128738423,8.184535175,8.741273781,9.252185848,8.221060953,7.480462454,5.741876883,3.897421937,2.920892225,1.829681071,1.32383126,0.889974584,0.784731263,0.777860892,0.61066995,0.594971236,0.604209798,0.595248455,0.578032273,0.505679899,0.365594518,0.251763858,0.27189581,0.334940913,0.405415127,0.338671018,0.129694345,0.166615112,0.237469259,0.158420728,0.27018047,0.179753924,0.229324285,0.162336905,0.129129676,0.045599601,0.096510485,0.153036144,0.053871878,0.170509955,0.119816534,0,0.132759043,0.139565878,0,0.15386972,0.242061423,0,0.177107525,0,0.193831583,0,0,0,0.115186412,0.240174659,0.250250634,0,0,0,0.293371772,0,0.158337777,0,0,0,0,0.190131183,0,0,0,0,0,0,0,0,0,0,0,0,0,0,0
8,3,3,14/02/2014,Outgoing,1.58445198,2.297549999,2.83678411,3.76672936,4.672071153,5.886999332,6.76512302,7.820366793,8.880173328,8.872494975,8.583855503,7.685137757,6.338064274,4.622952871,2.990200566,2.190178744,1.441946717,1.070677254,0.902861526,0.707566434,0.708216576,0.698916757,0.642654962,0.566966959,0.405729157,0.325715481,0.379310765,0.356502425,0.089028432,0.320491557,0.138181629,0.185840147,0.19960076,0.256829156,0.137475919,0.293907573,0.20914341,0.222928751,0.237307,0,0.26789177,0.14206174,0.225748259,0.318527329,0.336724565,0.177801067,0,0.098861887,0,0.109540898,0,0.120962479,0.253919073,0,0.139541835,0.146133282,0,0,0.167146414,0,0,0,0.396341263,0,0,0,0.232814255,0,0,0.261292358,0,0,0,0,0.313758412,0,0,0,0,0,0,0,0,0,0,0,0,0,0,0
9,1,1,20/02/2014,Incoming,2.261522991,2.532967905,2.921661648,3.076198611,3.638279843,4.362972464,4.86666854,5.484293203,5.48628736,5.277888015,4.703355271,4.094424412,3.493808647,3.642615073,3.041050323,2.582640342,2.908444266,2.520627469,2.178128964,1.99248314,1.900403359,1.628296409,1.642360151,1.339013542,1.440711563,1.16535158,0.672090322,0.672791799,0.910079266,0.786282114,0.388448649,0.797883242,0.530500695,0.17502628,0.655818719,0.450663553,0.427587264,0.341828017,0.485166708,0.515799869,0.273848367,0.580881451,0.076922573,0.651219077,0.516317022,0.454385847,0.287635624,0.505299854,0.638549434,0.22395297,0.58858884,0,0,0.272224467,0.285288916,0,0,0.326977076,0,0.178455587,0.18627003,0.388618887,0.202576646,0.633226582,0.219808503,0.457558389,0.237990553,0,0,0,0.554617327,0.287772055,0,0,0.320734618,0,0.344051976,0.356122768,0,0,0,0,0,0,0.448612247,0,0,0.985416171,0,0.523654556
9,1,2,20/02/2014,Incoming,2.6732421,3.031495666,3.193781219,3.668513585,4.113398435,4.577072229,5.354026718,5.821026881,6.123900074,5.568021267,5.527386879,4.549434046,3.831974363,3.711056282,2.827061449,2.82895418,2.23591168,2.198861157,2.336312115,2.220831226,1.806726281,1.952774024,1.526050412,1.535784851,0.937406416,1.236317291,0.876368926,1.140468391,0.959902931,0.81451863,0.957774696,0.601117421,0.922324587,0.395589534,0.42350354,0.792226462,0.241604783,0.386294945,0.685349688,0.145724727,0.618943733,0.16411139,0.3477164,0.367966471,0,0.205397764,0,0,0,0.253085795,0,0,0.293330273,0.307636865,0,0,0,0,0.386179026,0.806680129,0,0.439172294,0,0,0,0,0,0,0,0,0,0,0,0,0,0,0,0,0,0,0,0,0,0,0,0,1.079689772,0,0,0
9,1,3,20/02/2014,Incoming,2.113111466,2.554965798,2.864741876,3.31644396,3.591468449,4.27531675,4.528875198,4.56417357,4.871930453,5.050926671,4.950221228,4.430508774,4.1926031,3.775352742,3.404528242,3.074607517,3.182079194,2.667059535,2.403249323,2.194873017,1.842926449,1.579049407,1.753317681,1.314915031,1.231044456,0.943824516,0.917867903,0.9075658,0.823717357,0.615866138,0.626955436,0.7935913,0.426176389,0.685459143,0.978436805,0.470651617,0.279094558,0.475985364,0.570020478,0.134669402,0.714984606,0.682475265,0.482005194,0.170025491,0.17973915,0.379630758,0.200261772,0.42216881,0.22229022,0.350828266,0.860571026,0.258272506,0.135538615,0.284298118,0.148970839,0.312015722,0.48978862,0.170739347,0.178440755,0,0.19453139,0.405854688,0,0,0.229557672,0.238925903,0.248546262,0,0.268554213,0.557897064,0,0,0,0.969624037,0,0,0,0,0,0,0.411498713,0,0,0.453792881,0,0,0,0,0,0
9,2,1,20/02/2014,Incoming,2.083024948,2.591021956,3.15339818,3.666224874,3.863705559,4.416298987,4.520007918,4.843771591,5.359358721,5.171371663,4.702660222,4.478399587,3.861271517,3.236364072,3.147743303,3.260442753,2.582448735,2.630388241,2.821216059,2.773788283,2.411750744,1.920603562,1.775400323,2.079136436,1.429851736,1.099641298,0.871508216,0.75609535,0.847432278,0.662727964,0.782380029,0.658781853,0.511016443,0.632242877,0.721979575,0.964692618,0.257426617,0.493910361,1.051532131,0.55896261,0.725423361,0.419660316,0.370486941,0.235238119,0.248677073,0.08753932,0.27707136,0.486741456,0.102516203,0.215727774,0.113394163,0.119110557,0.37504744,0.131113066,0.137405449,0.143896098,0.150587755,0.314967894,0.164587416,0.171901298,0,0,0,0.406646105,0,0.220376826,0,0,0,0.257291828,0,0,0,0,0,0,0,0,0,0,0,0,0,0,0,0,0,0.474611995,0,0
9,2,2,20/02/2014,Incoming,1.967077474,2.549949357,3.007155617,3.781476778,4.319009976,4.974320897,5.29387969,5.613340641,5.712904042,5.560725116,5.226311592,4.609395106,4.526032207,3.725276592,3.018111734,3.028189785,2.80132218,2.378481644,2.532393407,2.204960689,1.859725087,1.667227506,1.691444575,1.24061917,1.317943481,0.86963042,0.76935704,0.977369515,0.748103176,0.585048413,0.60058732,0.67849223,0.485820828,0.483718128,0.557685358,0.298066597,0.363605108,0.532910986,0.464139758,0.438618492,0.407524192,0.555706304,0.261649066,0.346108651,0.658587004,0.463672411,0.081531861,0.343751491,0.362000218,0.380883302,0.300309071,0.105149336,0.441449807,0,0.242599686,0,0.132937089,0.278049911,0,0.151752437,0,0,0,0,0,0,0,0.21041981,0.218670408,0,0,0,0,0,0.272741731,0,0,0,0,0.324078505,0,0,0,0,0,0,0,0,0,0
9,2,3,20/02/2014,Incoming,2.318733718,2.896343379,3.674574813,4.415928157,5.060849637,6.149150719,6.221651809,6.999986285,7.0973726,6.629805225,6.117068724,5.53204732,4.368399979,3.398664162,3.206698312,2.543638225,2.181866596,1.754670633,1.902403625,1.659681759,1.492270593,1.23293716,1.166053672,0.782699008,1.124874492,0.490220835,0.63939116,0.288915348,0.562770819,0.20259048,0.800690124,0.469896527,0.672920187,0.180386769,0.386230544,0.206429296,0.440682329,0.469729235,0.250012787,0.398697806,0.141117702,0.149667755,0.158556837,0.335581611,0.177376733,0.374641361,0.395259439,0.416620227,0.21936853,0,0,0.254877981,0,0.280561276,0,0.307915062,0,0,0,0,0,0.400520637,0,0,0,0,0,0,0,0,0,0,0,0,0,0,0,0,0,0,0,0,0,0,0,0,0,0,0,0
9,3,1,20/02/2014,Incoming,1.545415489,1.947535401,2.426959883,3.059277406,3.642124122,4.368329022,5.062488901,5.842022429,6.18775858,5.947427428,6.070311832,5.348797264,4.978185714,3.821836937,3.170111971,2.597066934,2.296118873,1.891621832,1.647636387,1.565447792,1.533369299,1.357727508,1.204148058,1.050403947,0.854198588,0.757293992,0.694189385,0.688295815,0.640097728,0.4776132,0.677386396,0.437287325,0.469666271,0.537179158,0.467255827,0.499469476,0.430605502,0.39341836,0.372260232,0.395764557,0.656622156,0.27856274,0.413149575,0.312293406,0.231094052,0.418371013,0.514961514,0.193854085,0.530777324,0.343670578,0.587098265,0.189752127,0.1991596,0.261091425,0.383070347,0.229237241,0.179923323,0.06272103,0.262200277,0.205388998,0.214382753,0.074545133,0.544018187,0.404886647,0,0.263307701,0.091303071,0.189861267,0.197305961,0,0.319161307,0.110401336,0.572576115,0.237460194,0,0,0.39597792,0.136623537,0,0.877246681,0.151163612,0,0.322817186,0.166700227,0.172106315,0.355256095,0,0,0.194899166,0.20089569
9,3,2,20/02/2014,Incoming,1.456704344,1.833665784,2.239740176,2.546827359,2.856382045,3.401646909,3.694584163,4.133171859,4.382545916,4.656396732,4.65081366,3.956032495,3.977576413,3.431516664,2.902277285,2.75609035,2.023517302,2.062110252,1.962688104,1.918377624,1.726023361,1.497183706,1.627903696,1.29661301,1.258869397,1.157236803,0.76866292,0.934628455,0.792726953,0.678988683,0.859156428,0.445072885,0.514799656,0.630857442,0.379897121,0.721934211,0.52977938,0.256681358,0.655767471,0.580977085,0.246761575,0.850566854,0.485198482,1.173612546,0.852954016,0.491330408,0.345580084,0.728512435,0.38359328,0.302702202,0.530370825,0.44568571,0.7016729,0.858544271,0.514141399,0.403820685,0,0.883905777,0.615850325,0,0.503537804,0.350180198,0.912698703,0.190197766,0.792268295,0.618451449,0.64335246,0.66891323,0.695142279,0.722047957,0,0,0,0,0,0.299393047,0.930064419,0,0.996080667,0,0.710099454,0,0.379112926,0.391541968,0.808479181,0.417208968,0,0,0,0
9,3,3,20/02/2014,Incoming,1.406122943,1.82353872,2.169942793,2.471841206,2.825837495,3.298956375,3.501804663,3.697582699,3.961608026,3.9869065,4.20438909,3.777121176,3.701833854,3.27885595,3.048613522,2.810755649,2.300625879,2.548571482,1.999527782,2.175898193,1.853351489,1.501739293,1.482562326,1.441005481,1.396595825,1.062699961,0.971299613,0.768653203,1.170681233,0.831771724,0.71724566,0.733112815,0.828838121,1.022041494,0.713582459,0.813630255,0.868463762,0.462853735,0.923824167,1.113108188,0.764785657,0.516169868,0.703061574,0.496004275,1.223461834,0.830604656,0.77894754,0.513152389,0.756551627,0.341149696,0.717282458,0.627867791,0.658996262,0.829364196,0.579444834,0.151703885,0.158758717,0.498087195,0.347036022,0.543686533,0.945823725,0.197329125,0.205724946,0.42871128,0.446448787,1.161672583,0.966756742,0.251291597,0.261145174,0,0,0.584488083,0,0.314291294,1.30287573,0,0,0,0.374199092,0,0.400146165,0,0,0,0.455583867,0,0,0,0,0
10,1,1,27/02/2014,Outgoing,1.796628077,2.334091544,2.948031383,3.597753052,4.344866329,4.982464351,5.448618294,6.20102116,6.2120671,6.477693669,6.146646503,6.106959443,5.178142936,4.65081234,3.843897128,2.896293062,2.243220063,1.954422924,1.58955048,1.466864755,1.045215976,1.010440059,0.757045516,0.838520365,0.771805302,0.695129871,0.718984948,0.488972818,0.471938423,0.556010465,0.682555788,0.394054286,0.327042996,0.412559782,0.419587782,0.330484808,0.352757454,0.510297775,0.228720221,0.334346963,0.355022622,0.308072901,0.253843013,0.076750372,0.40567537,0.385576625,0.271197631,0.285853757,0.150514484,0.052788686,0.388466307,0.17487822,0.244731199,0.064166848,0.470724013,0.211268237,0.221093276,0.154145323,0.161098185,0.252385681,0,0,0.095499969,0.497532305,0,0,0.112195061,0,0,0,0.392191364,0.135663234,0.281436915,0.437693195,0,0.156634529,0,0,0.347415347,0,0,0,0.198341869,0,0.211487555,0,0,0.232275331,0,0.246864383
10,1,2,27/02/2014,Outgoing,2.192321324,2.812815844,3.527112928,4.267872114,4.876695466,5.294566235,5.759135924,6.131431954,6.250152072,6.102323115,5.789683833,5.537741531,4.888596023,4.092499313,3.556876636,2.841582688,2.257448738,2.01511108,1.510731142,1.33008903,1.215568098,1.144459195,0.829417435,0.945817011,0.685304257,0.624057267,0.75096836,0.55168912,0.454866072,0.506589889,0.446766016,0.498486736,0.3441839,0.328049306,0.395097185,0.633503925,0.350621226,0.26695132,0.369419593,0.332322374,0.288714101,0.238161242,0.180218491,0.228856927,0.161287539,0.298076963,0,0.284122737,0.099735264,0.209875791,0.330954862,0.11587946,0.182436806,0,0.066839088,0.349981536,0.073251477,0.153211956,0.240184087,0.501714925,0.087280824,0.273143457,0.094921635,0,0,0.107199347,0.334546729,0,0,0.125156359,0.129938856,0,0,0,0,0.155685992,0.161212883,0.500606851,0,0,0.184627861,0,0,0,0,0,0.671513129,0.461737551,0,0
10,1,3,27/02/2014,Outgoing,2.123614964,2.694515551,3.35655451,4.009647055,4.781964196,5.454179397,5.929906816,6.393091065,6.699933338,6.31565574,6.469083754,6.334191286,5.422741021,4.899992389,3.778893893,3.071800764,2.139403807,1.608571088,1.404108213,1.213132914,1.0405679,0.992000086,0.895817147,0.671729244,0.733697676,0.567969618,0.537307352,0.446316128,0.442733569,0.304268451,0.327967317,0.386472387,0.360946674,0.367678039,0.372905544,0.265742893,0.449116217,0.251957326,0.241387114,0.228113974,0.151387619,0.289008451,0.136076894,0.180002096,0.34251391,0.040190615,0.212012646,0.223470327,0.094133376,0.099043811,0.260304946,0.164056345,0.172189825,0.120392016,0.315424442,0.264259292,0,0.361516038,0.075564556,0,0.164756885,0.171867728,0,0,0.097210901,0.202356523,0.210504052,0.109433748,0.113724833,0,0.245280974,0,0,0,0.141845812,0,0,0.314992613,0,0.168544858,0.174257727,0.180098222,0,0,0,0,0,0.2179015,0,0
10,2,1,27/02/2014,Outgoing,1.726319889,2.39924365,3.267099692,4.042645351,4.843642394,5.556592038,6.104304515,6.50349335,6.540927243,6.397671046,6.432929682,6.061077509,5.658736578,4.822118336,3.859144083,2.899840898,2.207377608,1.764666407,1.410132468,1.288674762,0.922447933,0.949186463,0.864649537,0.846205589,0.579502492,0.751248928,0.529882207,0.395652652,0.479127359,0.374318365,0.474674605,0.383033266,0.50738717,0.23526572,0.330575257,0.269230992,0.395141333,0.325462308,0.244555435,0.259996641,0.23006213,0.244001546,0.258493058,0.355611344,0.144587349,0.2137706,0.386631749,0.135842075,0.17881689,0.150515705,0.237349499,0.249314551,0.043612528,0.182958261,0.239673513,0.200795945,0.157600388,0.109878416,0.114834597,0,0.06259482,0.065296343,0.068074636,0.141860953,0.073865238,0.076879699,0.079975235,0.083152682,0.086413116,0.089757854,0.093187732,0.096703826,0.100307332,0.103999326,0.107780765,0.111652726,0.115616403,0.119672754,0,0,0,0,0.424147913,0,0,0,0.160528752,0,0,0
10,2,2,27/02/2014,Outgoing,1.762649964,2.380796903,3.130505009,3.929323799,4.636518039,5.468872136,5.965765142,6.496198499,6.671591183,6.306895359,6.207004732,5.812766195,5.258610308,4.43151673,3.727311394,2.852659579,2.136958954,1.667395921,1.43258098,1.235680499,1.041796483,0.971431564,0.849756827,0.70314582,0.705893829,0.719851667,0.708853648,0.507649426,0.549354054,0.661086066,0.401966529,0.50128717,0.453949305,0.418833637,0.399913527,0.284989597,0.566910891,0.353723725,0.517739456,0.283554548,0.31880028,0.187842406,0.318397772,0.273764288,0.311666199,0.164569414,0.198430059,0.313730578,0.330385525,0.289682945,0.182721452,0.159943855,0.369321736,0.281697639,0.258314755,0.231871425,0,0.211472284,0.176808734,0.092332926,0.096376069,0.201071343,0.052406629,0.109210472,0.170593432,0.118370347,0.123136409,0,0,0.069099223,0,0.074446647,0,0.160125875,0.165948051,0.085954838,0.089006253,0,0.095323942,0,0,0,0.10884221,0,0.232111968,0,0,0.127463489,0,0.135469437
10,2,3,27/02/2014,Outgoing,2.083444687,2.753374252,3.427653315,4.162329127,5.073006361,5.701816714,5.843761737,6.113308202,6.213920104,6.176328506,5.923385076,5.691813022,4.785076683,4.242253987,3.464415443,2.659727817,1.893487047,1.523860927,1.445740771,1.232952948,1.066411089,0.878118836,1.003530863,0.877807832,0.771706972,0.619965971,0.618462408,0.520543594,0.704134259,0.386069229,0.453970391,0.583408397,0.422595323,0.359381337,0.334556938,0.250335299,0.286292611,0.325507369,0.36815783,0.391403318,0.29336971,0.207429967,0.329624246,0.348820873,0.368748863,0.227162632,0.342377538,0.144352266,0.152015341,0.239917567,0.336291604,0.132466623,0.231723511,0.340235154,0.305626029,0.21337519,0.334947083,0.233523791,0.244057201,0.127451376,0.332580928,0.138773925,0.14467844,0,0,0,0.084985368,0,0.183653371,0.190761697,0,0.30828612,0.319773906,0.110514581,0,0,0.122859397,0,0,0.136090825,0,0.145419665,0.30047968,0,0.160197388,0,0.17058541,0,0.362826143,0
10,3,1,27/02/2014,Outgoing,1.40038157,2.029049292,2.726543793,3.3970518,3.971889903,4.487340223,5.083798915,5.818120736,6.862884449,7.834942172,8.629116801,8.571136206,8.006910059,6.57165036,4.912872731,3.550525303,2.37734027,1.517760298,1.136825408,0.875003096,0.830470629,0.729857967,0.651996357,0.635799243,0.531523667,0.485974823,0.408019159,0.442482151,0.404595386,0.340739504,0.289502385,0.302182913,0.214707648,0.2355769,0.212077231,0.165428449,0.189657086,0.202158043,0.252299516,0.181449474,0.108900448,0.115498741,0.131770498,0.129484246,0.052646787,0.100076858,0.129047696,0.086559334,0.091154444,0.082208039,0.072019233,0.105909696,0.07940034,0.116581985,0.034907699,0.109669908,0.038256686,0.020004306,0.062719886,0.043671337,0.068375539,0.095102144,0.024787143,0.025827034,0.107582354,0.027993237,0,0.090831931,0.062929076,0.032682354,0,0,0,0.075735899,0,0,0,0,0,0.046631707,0.048212313,0,0,0,0.05489183,0,0,0.060287355,0,0
10,3,2,27/02/2014,Outgoing,1.411752769,2.035866722,2.758662701,3.386014863,3.952273231,4.457884305,5.029883105,5.819769732,6.777067463,7.651203308,8.339290831,8.398149713,7.528602687,6.406735617,4.748312287,3.294362308,2.232530843,1.582297251,1.266014522,1.07597012,0.905322308,0.769101816,0.787049416,0.631370878,0.626651138,0.486736148,0.518386562,0.435105449,0.400014487,0.35100086,0.315283118,0.287031322,0.218601754,0.234398421,0.302412824,0.137558202,0.183535962,0.203458765,0.166600931,0.194832107,0.169265695,0.229388561,0.095091721,0.122991825,0.1300183,0.149789909,0.065847227,0.055524658,0.08770837,0.046141798,0.194030345,0.101905776,0.142610742,0.093478867,0.039186053,0.061555555,0.107363631,0.089824227,0.070406902,0.098047527,0.076755739,0.10675799,0.139125381,0.028992389,0.030191921,0.031424112,0.032689363,0.067976274,0.035320835,0.073375955,0.076179818,0.118581328,0.082000079,0,0.044054741,0.091274771,0.047257468,0,0.101223645,0.052346928,0.054121287,0.055935273,0,0.059683913,0,0,0,0.067676246,0.069780007,0
10,3,3,27/02/2014,Outgoing,1.982424708,2.703413734,3.465836654,4.207410868,4.857713657,5.60343159,6.106546022,7.020234877,7.724620895,8.214143478,8.457828137,7.602767118,6.585339768,5.081950103,3.555931673,2.532231133,1.708568985,1.287625464,0.937583512,0.728623802,0.813858395,0.662951824,0.54435312,0.436679956,0.472817071,0.379573,0.314332736,0.399471783,0.282428975,0.255214974,0.261674094,0.310415724,0.178330519,0.224472206,0.293714253,0.133196592,0.142173277,0.162369024,0.149795783,0.134753236,0.091054893,0.220735736,0.21923012,0.139198632,0.065400379,0.086333634,0.091084896,0.076805894,0.040441623,0.127653652,0.067099333,0.18795171,0.098634976,0.103445646,0.135512741,0.05676555,0.089108134,0.093188779,0.09739213,0.067813421,0.106174356,0.036918916,0.076979478,0,0,0.043468194,0,0,0,0.050749593,0.105377666,0,0,0.058801794,0.060939795,0,0,0.06766363,0.070010156,0.072410254,0,0,0,0,0.085236688,0,0,0.093614883,0,0
